INSERT INTO TBL_PERSON (name, phone) VALUES ('Admin', '11 123456789');
INSERT INTO TBL_PERSON (name, phone) VALUES ('User', '11 987654321');

INSERT INTO TBL_USER (PERSON_ID, email, password) VALUES (1, 'admin@example.com', '123456');
INSERT INTO TBL_USER (PERSON_ID, email, password) VALUES (2, 'user@example.com', '123456');

INSERT INTO TBL_ROLE (ROLE) VALUES ('ROLE_ADMIN');
INSERT INTO TBL_ROLE (ROLE) VALUES ('ROLE_OPERATOR');

INSERT INTO TBL_USER_ROLE (ROLE_ID, USER_ID) VALUES (1, 1);
INSERT INTO TBL_USER_ROLE (ROLE_ID, USER_ID) VALUES (2, 1);

INSERT INTO TBL_USER_ROLE (ROLE_ID, USER_ID) VALUES (2, 2);

-- Insert after this line into PostgreSQL - Profile Dev!

-- Inserção na tabela TBL_PERSON
INSERT INTO TBL_PERSON (name, phone) VALUES ('Alice Silva', '11 123456789');
INSERT INTO TBL_PERSON (name, phone) VALUES ('Carlos Souza', '11 987654321');
INSERT INTO TBL_PERSON (name, phone) VALUES ('Bruna Lima', '15 555666777');
INSERT INTO TBL_PERSON (name, phone) VALUES ('Daniel Oliveira', '13 111222333');
INSERT INTO TBL_PERSON (name, phone) VALUES ('Fernanda Costa', '14 444555666');
INSERT INTO TBL_PERSON (name, phone) VALUES ('Gustavo Pereira', '21 777888999');

-- Inserção na tabela TBL_CLIENT
INSERT INTO TBL_CLIENT (PERSON_ID, DATE_OF_BIRTH) VALUES (3, DATE '1990-01-15');
INSERT INTO TBL_CLIENT (PERSON_ID, DATE_OF_BIRTH) VALUES (4, DATE '1985-05-20');
INSERT INTO TBL_CLIENT (PERSON_ID, DATE_OF_BIRTH) VALUES (5, DATE '1992-07-25');

-- Inserção na tabela TBL_PROFESSIONAL
INSERT INTO TBL_PROFESSIONAL (PERSON_ID, active) VALUES (6, TRUE);
INSERT INTO TBL_PROFESSIONAL (PERSON_ID, active) VALUES (7, FALSE);
INSERT INTO TBL_PROFESSIONAL (PERSON_ID, active) VALUES (8, TRUE);

-- Inserção na tabela TBL_AREA
INSERT INTO TBL_AREA (NAME) VALUES ('Clínico Geral');
INSERT INTO TBL_AREA (NAME) VALUES ('Fisioterapeuta');
INSERT INTO TBL_AREA (NAME) VALUES ('Cardiologista');

-- Inserção na tabela TBL_AREA_PROFESSIONAL
INSERT INTO TBL_AREA_PROFESSIONAL (AREA_ID, PROFESSIONAL_ID) VALUES (1, 6);
INSERT INTO TBL_AREA_PROFESSIONAL (AREA_ID, PROFESSIONAL_ID) VALUES (1, 7);
INSERT INTO TBL_AREA_PROFESSIONAL (AREA_ID, PROFESSIONAL_ID) VALUES (2, 7);
INSERT INTO TBL_AREA_PROFESSIONAL (AREA_ID, PROFESSIONAL_ID) VALUES (2, 8);
INSERT INTO TBL_AREA_PROFESSIONAL (AREA_ID, PROFESSIONAL_ID) VALUES (3, 8);
INSERT INTO TBL_AREA_PROFESSIONAL (AREA_ID, PROFESSIONAL_ID) VALUES (3, 6);

-- Inserção na tabela TBL_APPOINTMENT_TYPE
INSERT INTO TBL_APPOINTMENT_TYPE (TYPE) VALUES ('Particular');
INSERT INTO TBL_APPOINTMENT_TYPE (TYPE) VALUES ('Convênio Prefeitura');
INSERT INTO TBL_APPOINTMENT_TYPE (TYPE) VALUES ('Convênio Plano Azul');

-- Inserção na tabela TBL_WORK_SCHEDULE_ITEM
-- SUNDAY = 1, MONDAY = 2, ..., SATURDAY = 7
INSERT INTO TBL_WORK_SCHEDULE_ITEM (DAY_OF_WEEK, START_TIME, END_TIME, SLOTS, SLOT_SIZE, PROFESSIONAL_ID) VALUES (4, '08:00:00-03', '12:00:00-03', 8, 30, 6);
INSERT INTO TBL_WORK_SCHEDULE_ITEM (DAY_OF_WEEK, START_TIME, END_TIME, SLOTS, SLOT_SIZE, PROFESSIONAL_ID) VALUES (4, '14:00:00-03', '18:00:00-03', 8, 30, 6);
INSERT INTO TBL_WORK_SCHEDULE_ITEM (DAY_OF_WEEK, START_TIME, END_TIME, SLOTS, SLOT_SIZE, PROFESSIONAL_ID) VALUES (5, '08:00:00-03', '12:00:00-03', 8, 30, 6);
INSERT INTO TBL_WORK_SCHEDULE_ITEM (DAY_OF_WEEK, START_TIME, END_TIME, SLOTS, SLOT_SIZE, PROFESSIONAL_ID) VALUES (5, '14:00:00-03', '18:00:00-03', 8, 30, 6);
INSERT INTO TBL_WORK_SCHEDULE_ITEM (DAY_OF_WEEK, START_TIME, END_TIME, SLOTS, SLOT_SIZE, PROFESSIONAL_ID) VALUES (6, '14:00:00-03', '18:00:00-03', 8, 30, 6);
INSERT INTO TBL_WORK_SCHEDULE_ITEM (DAY_OF_WEEK, START_TIME, END_TIME, SLOTS, SLOT_SIZE, PROFESSIONAL_ID) VALUES (4, '08:00:00-03', '12:00:00-03', 8, 30, 8);
INSERT INTO TBL_WORK_SCHEDULE_ITEM (DAY_OF_WEEK, START_TIME, END_TIME, SLOTS, SLOT_SIZE, PROFESSIONAL_ID) VALUES (4, '14:00:00-03', '18:00:00-03', 8, 30, 8);

-- Inserção na tabela TBL_APPOINTMENT
INSERT INTO TBL_APPOINTMENT (DATE, START_TIME, END_TIME, STATUS, COMMENTS, CLIENT_ID, PROFESSIONAL_ID, AREA_ID, APPOINTMENT_TYPE_ID) VALUES ('2024-08-15 00:00:00-03', '08:00:00-03', '08:30:00-03', 'OPEN', 'Parcelar em 3x', 3, 6, 3, 1);