-- Inserção na tabela TBL_PERSON
INSERT INTO TBL_PERSON (name, phone) VALUES ('Alice Silva', '11 123456789');
INSERT INTO TBL_PERSON (name, phone) VALUES ('Carlos Souza', '11 987654321');
INSERT INTO TBL_PERSON (name, phone) VALUES ('Bruna Lima', '15 555666777');
INSERT INTO TBL_PERSON (name, phone) VALUES ('Daniel Oliveira', '13 111222333');
INSERT INTO TBL_PERSON (name, phone) VALUES ('Fernanda Costa', '14 444555666');
INSERT INTO TBL_PERSON (name, phone) VALUES ('Gustavo Pereira', '21 777888999');
INSERT INTO TBL_PERSON (name, phone) VALUES ('Helena Martins', '11 999888777');
INSERT INTO TBL_PERSON (name, phone) VALUES ('Isabela Rocha', '43 666555444');
INSERT INTO TBL_PERSON (name, phone) VALUES ('João Fernandes', '11 333222111');

-- Inserção na tabela TBL_CLIENT
INSERT INTO TBL_CLIENT (PERSON_ID, DATE_OF_BIRTH) VALUES (1, DATE '1990-01-15');
INSERT INTO TBL_CLIENT (PERSON_ID, DATE_OF_BIRTH) VALUES (2, DATE '1985-05-20');
INSERT INTO TBL_CLIENT (PERSON_ID, DATE_OF_BIRTH) VALUES (3, DATE '1992-07-25');

-- Inserção na tabela TBL_PROFESSIONAL
INSERT INTO TBL_PROFESSIONAL (PERSON_ID, active) VALUES (4, TRUE);
INSERT INTO TBL_PROFESSIONAL (PERSON_ID, active) VALUES (5, FALSE);
INSERT INTO TBL_PROFESSIONAL (PERSON_ID, active) VALUES (6, TRUE);

-- Inserção na tabela TBL_USER
INSERT INTO TBL_USER (PERSON_ID, email, password) VALUES (7, 'helena@example.com', 'password123');
INSERT INTO TBL_USER (PERSON_ID, email, password) VALUES (8, 'isabela@example.com', 'securePass456');
INSERT INTO TBL_USER (PERSON_ID, email, password) VALUES (9, 'joao@example.com', 'myPassword789');

-- Inserção na tabela TBL_ROLE
INSERT INTO TBL_ROLE (ROLE) VALUES ('ROLE_ADMIN');
INSERT INTO TBL_ROLE (ROLE) VALUES ('ROLE_OPERATOR');

-- Inserção na tabela TBL_USER_ROLE
INSERT INTO TBL_USER_ROLE (ROLE_ID, USER_ID) VALUES (1, 7);
INSERT INTO TBL_USER_ROLE (ROLE_ID, USER_ID) VALUES (2, 7);
INSERT INTO TBL_USER_ROLE (ROLE_ID, USER_ID) VALUES (2, 8);
INSERT INTO TBL_USER_ROLE (ROLE_ID, USER_ID) VALUES (2, 9);

-- Inserção na tabela TBL_AREA
INSERT INTO TBL_AREA (NAME) VALUES ('Clínico Geral');
INSERT INTO TBL_AREA (NAME) VALUES ('Fisioterapeuta');
INSERT INTO TBL_AREA (NAME) VALUES ('Cardiologista');

-- Inserção na tabela TBL_AREA_PROFESSIONAL
INSERT INTO TBL_AREA_PROFESSIONAL (AREA_ID, PROFESSIONAL_ID) VALUES (1, 4);
INSERT INTO TBL_AREA_PROFESSIONAL (AREA_ID, PROFESSIONAL_ID) VALUES (1, 5);
INSERT INTO TBL_AREA_PROFESSIONAL (AREA_ID, PROFESSIONAL_ID) VALUES (2, 5);
INSERT INTO TBL_AREA_PROFESSIONAL (AREA_ID, PROFESSIONAL_ID) VALUES (2, 6);
INSERT INTO TBL_AREA_PROFESSIONAL (AREA_ID, PROFESSIONAL_ID) VALUES (3, 6);
INSERT INTO TBL_AREA_PROFESSIONAL (AREA_ID, PROFESSIONAL_ID) VALUES (3, 4);

-- Inserção na tabela TBL_APPOINTMENT_TYPE
INSERT INTO TBL_APPOINTMENT_TYPE (TYPE) VALUES ('Particular');
INSERT INTO TBL_APPOINTMENT_TYPE (TYPE) VALUES ('Convênio Prefeitura');
INSERT INTO TBL_APPOINTMENT_TYPE (TYPE) VALUES ('Convênio Plano Azul');

-- Inserção na tabela TBL_WORK_SCHEDULE_ITEM
-- SUNDAY = 1, MONDAY = 2, ..., SATURDAY = 7
INSERT INTO TBL_WORK_SCHEDULE_ITEM (DAY_OF_WEEK, START_TIME, END_TIME, SLOTS, SLOT_SIZE, PROFESSIONAL_ID) VALUES (4, '08:00:00', '12:00:00', 8, 30, 4);
INSERT INTO TBL_WORK_SCHEDULE_ITEM (DAY_OF_WEEK, START_TIME, END_TIME, SLOTS, SLOT_SIZE, PROFESSIONAL_ID) VALUES (4, '14:00:00', '18:00:00', 8, 30, 4);
INSERT INTO TBL_WORK_SCHEDULE_ITEM (DAY_OF_WEEK, START_TIME, END_TIME, SLOTS, SLOT_SIZE, PROFESSIONAL_ID) VALUES (5, '08:00:00', '12:00:00', 8, 30, 4);
INSERT INTO TBL_WORK_SCHEDULE_ITEM (DAY_OF_WEEK, START_TIME, END_TIME, SLOTS, SLOT_SIZE, PROFESSIONAL_ID) VALUES (5, '14:00:00', '18:00:00', 8, 30, 4);
INSERT INTO TBL_WORK_SCHEDULE_ITEM (DAY_OF_WEEK, START_TIME, END_TIME, SLOTS, SLOT_SIZE, PROFESSIONAL_ID) VALUES (4, '08:00:00', '12:00:00', 8, 30, 5);
INSERT INTO TBL_WORK_SCHEDULE_ITEM (DAY_OF_WEEK, START_TIME, END_TIME, SLOTS, SLOT_SIZE, PROFESSIONAL_ID) VALUES (4, '14:00:00', '18:00:00', 8, 30, 5);

-- Inserção na tabela TBL_APPOINTMENT
INSERT INTO TBL_APPOINTMENT (DATE, START_TIME, END_TIME, STATUS, COMMENTS, CLIENT_ID, PROFESSIONAL_ID, AREA_ID, APPOINTMENT_TYPE_ID) VALUES ('2024-08-15 00:00:00-03', '08:00:00-03', '08:30:00-03', 'OPEN', 'Parcelar em 3x', 1, 4, 3, 1);